00908F9A265A,10.8.204.156,255.255.255.0,10.8.204.1,35052,Старший_дежурной_смены,440HD
00908F9A2662,10.8.204.159,255.255.255.0,10.8.204.1,,Ведущий_специалист,440HD
00908F9A2664,10.8.204.151,255.255.255.0,10.8.204.1,35044,Главный_специалист,440HD
00908F9A2665,10.8.204.155,255.255.255.0,10.8.204.1,35051,Пункт_связи,440HD
00908F9A266C,10.8.204.158,255.255.255.0,10.8.204.1,35054,Начальник_гаража,440HD
00908F9A267B,10.8.204.152,255.255.255.0,10.8.204.1,35047,Начальник_участка,440HD
00908F9A26F7,10.8.204.150,255.255.255.0,10.8.204.1,35043,Главный_специалист,440HD
00908F9A26F9,10.8.204.154,255.255.255.0,10.8.204.1,35050,Заместитель_начальника_отряда,440HD
00908F9A2890,10.8.204.115,255.255.255.0,10.8.204.1,35008,Главный_специалист,440HD
00908F9A2892,10.8.204.117,255.255.255.0,10.8.204.1,35010,Главный_специалист,440HD
00908F9A2896,10.8.204.118,255.255.255.0,10.8.204.1,35011,Главный_специалист,440HD
00908F9A2897,10.8.204.119,255.255.255.0,10.8.204.1,35012,Главный_специалист,440HD
00908F9A289E,10.8.204.145,255.255.255.0,10.8.204.1,35038,Заместитель_начальника_отряда,440HD
00908F9A28A1,10.8.204.146,255.255.255.0,10.8.204.1,35039,Начальник_гаража,440HD
00908F9A28A3,10.8.204.147,255.255.255.0,10.8.204.1,35040,Главный_специалист,440HD
00908F9A28A4,10.8.204.140,255.255.255.0,10.8.204.1,35033,Главный_специалист,440HD
00908F9A28A5,10.8.204.149,255.255.255.0,10.8.204.1,35042,Дежурный_по_ОСАТ,440HD
00908F9A28A6,10.8.204.113,255.255.255.0,10.8.204.1,35006,Главный_специалист,440HD
00908F9A28A7,10.8.204.141,255.255.255.0,10.8.204.1,35034,Главный_специалист,440HD
00908F9A28A8,10.8.204.114,255.255.255.0,10.8.204.1,35007,Главный_специалист,440HD
00908F9A28A9,10.8.204.148,255.255.255.0,10.8.204.1,35041,Фельдшер,440HD
00908F9A28AA,10.8.204.144,255.255.255.0,10.8.204.1,35037,Начальник_отряда,440HD
00908F9A28AB,10.8.204.142,255.255.255.0,10.8.204.1,35035,Главный_специалист,440HD
00908F9A28AC,10.8.204.143,255.255.255.0,10.8.204.1,35036,Ведущий_специалист,440HD
00908F9A28BF,10.8.204.153,255.255.255.0,10.8.204.1,35049,Начальник_отряда,440HD
00908F9A28CC,10.8.204.157,255.255.255.0,10.8.204.1,35053,Комендант_ПСО,440HD
00908F9A28CF,10.8.204.110,255.255.255.0,10.8.204.1,35003,Начальник_отдела,440HD
00908F9A28D4,10.8.204.111,255.255.255.0,10.8.204.1,35004,Заместитель_начальника_отдела,440HD
00908F9A299E,10.8.204.160,255.255.255.0,10.8.204.1,35055,по_ПТВ_и_АСО,440HD
00908F9A299F,10.8.204.163,255.255.255.0,10.8.204.1,35071,Зам._начальника_по_пожаротушению_и_аварийно-спасательным_работам,440HD
00908F9A29A0,10.8.204.164,255.255.255.0,10.8.204.1,35072,Зам._начальника_по_подготовке,440HD
00908F9A29A2,10.8.204.161,255.255.255.0,10.8.204.1,35056,Фельдшер,440HD
00908F9A29A3,10.8.204.162,255.255.255.0,10.8.204.1,35070,Зам._начальника_по_организационно-плановой_и_оперативной_работе,440HD
00908F9A29E0,10.8.204.133,255.255.255.0,10.8.204.1,35026,Главный_специалист,440HD
00908F9A29E2,10.8.204.116,255.255.255.0,10.8.204.1,35009,Главный_специалист,440HD
00908F9A29E4,10.8.204.134,255.255.255.0,10.8.204.1,35027,Главный_специалист,440HD
00908F9A29E5,10.8.204.130,255.255.255.0,10.8.204.1,35023,Главный_специалист,440HD
00908F9A29E7,10.8.204.131,255.255.255.0,10.8.204.1,35024,Начальник_отдела,440HD
00908F9A29E8,10.8.204.135,255.255.255.0,10.8.204.1,35028,Главный_специалист,440HD
00908F9A29EA,10.8.204.136,255.255.255.0,10.8.204.1,35029,Главный_специалист,440HD
00908F9A29ED,10.8.204.132,255.255.255.0,10.8.204.1,35025,Заместитель_начальника_отдела,440HD
00908F9A29EF,10.8.204.137,255.255.255.0,10.8.204.1,35030,Начальник_отдела,440HD
00908F9A29F4,10.8.204.125,255.255.255.0,10.8.204.1,35018,Главный_специалист,440HD
00908F9A29F6,10.8.204.124,255.255.255.0,10.8.204.1,35017,Главный_специалист,440HD
00908F9A29F8,10.8.204.128,255.255.255.0,10.8.204.1,35021,Главный_специалист,440HD
00908F9A29FA,10.8.204.121,255.255.255.0,10.8.204.1,35014,Заместитель_гл._бухгалтера,440HD
00908F9A29FB,10.8.204.123,255.255.255.0,10.8.204.1,35016,Главный_специалист,440HD
00908F9A29FD,10.8.204.138,255.255.255.0,10.8.204.1,35031,Заместитель_начальника_отдела,440HD
00908F9A2A02,10.8.204.122,255.255.255.0,10.8.204.1,35015,Заместитель_гл._бухгалтера,440HD
00908F9A2A03,10.8.204.127,255.255.255.0,10.8.204.1,35020,Главный_специалист,440HD
00908F9A2A08,10.8.204.129,255.255.255.0,10.8.204.1,35022,Главный_специалист,440HD
00908F9A2A0D,10.8.204.120,255.255.255.0,10.8.204.1,35013,Главный_бухгалтер,440HD
00908F9A2A18,10.8.204.139,255.255.255.0,10.8.204.1,35032,Главный_специалист,440HD
00908F9A2A1B,10.8.204.126,255.255.255.0,10.8.204.1,35019,Главный_специалист,440HD
00908F9A2AB4,10.8.204.112,255.255.255.0,10.8.204.1,35005,Главный_специалист,440HD

