00908F9A29C9,10.0.49.150,255.255.255.0,10.0.49.1,50800,50800,879875876,10.0.20.251
00908F9A29C6,10.0.49.151,255.255.255.0,10.0.49.1,50801,50801,624485565,10.0.20.251
00908F9A29CF,10.0.49.152,255.255.255.0,10.0.49.1,50802,50802,680294189,10.0.20.251
00908F9A2AE2,10.0.49.153,255.255.255.0,10.0.49.1,50803,50803,281413197,10.0.20.251
00908F9A29C7,10.0.49.154,255.255.255.0,10.0.49.1,50804,50804,965775194,10.0.20.251
00908F9A29C3,10.0.49.155,255.255.255.0,10.0.49.1,50805,50805,723964384,10.0.20.251
00908F9A29BF,10.0.49.156,255.255.255.0,10.0.49.1,50806,50806,304942405,10.0.20.251
00908F9A29C5,10.0.49.157,255.255.255.0,10.0.49.1,50807,50807,199558457,10.0.20.251
00908F9A29C4,10.0.49.158,255.255.255.0,10.0.49.1,50808,50808,452433087,10.0.20.251
00908F9A29C2,10.0.49.159,255.255.255.0,10.0.49.1,50809,50809,879787835,10.0.20.251
00908F9A299B,10.0.49.160,255.255.255.0,10.0.49.1,50810,50810,647523335,10.0.20.251
00908F9A2993,10.0.49.161,255.255.255.0,10.0.49.1,50811,50811,124610423,10.0.20.251
00908F9A2994,10.0.49.162,255.255.255.0,10.0.49.1,50812,50812,275012202,10.0.20.251
00908F9A2997,10.0.49.163,255.255.255.0,10.0.49.1,50813,50813,305466073,10.0.20.251
00908F9A2992,10.0.49.164,255.255.255.0,10.0.49.1,50814,50814,625518070,10.0.20.251
00908F9A298D,10.0.47.150,255.255.255.0,10.0.47.1,50851,50851,169215358,10.0.20.251
00908F9A298F,10.0.47.151,255.255.255.0,10.0.47.1,50852,50852,442822600,10.0.20.251
00908F9A29CE,10.0.47.152,255.255.255.0,10.0.47.1,50853,50853,739489376,10.0.20.251
00908F9A298B,10.0.47.153,255.255.255.0,10.0.47.1,50854,50854,536965875,10.0.20.251
00908F9A2990,10.0.47.154,255.255.255.0,10.0.47.1,50855,50855,748051264,10.0.20.251
00908F9A2955,10.0.47.155,255.255.255.0,10.0.47.1,50856,50856,346206385,10.0.20.251
00908F9A2959,10.0.47.156,255.255.255.0,10.0.47.1,50857,50857,639078167,10.0.20.251
00908F9A295E,10.0.47.157,255.255.255.0,10.0.47.1,50858,50858,841971929,10.0.20.251
00908F9A2954,10.0.47.158,255.255.255.0,10.0.47.1,50859,50859,701624887,10.0.20.251
00908F9A2953,10.0.47.159,255.255.255.0,10.0.47.1,50861,50861,554559309,10.0.20.251
00908F9A2962,10.0.47.160,255.255.255.0,10.0.47.1,50862,50862,700179583,10.0.20.251
00908F9A2961,10.0.47.161,255.255.255.0,10.0.47.1,50863,50863,859297846,10.0.20.251
00908F9A2960,10.0.47.162,255.255.255.0,10.0.47.1,50864,50864,396632171,10.0.20.251
00908F9A295A,10.0.37.150,255.255.255.0,10.0.37.1,50901,50901,575594743,10.0.20.251
00908F9A2958,10.0.37.151,255.255.255.0,10.0.37.1,50902,50902,478745568,10.0.20.251
00908F9A29C0,10.0.37.152,255.255.255.0,10.0.37.1,50903,50903,216126783,10.0.20.251
00908F9A29BB,10.0.37.153,255.255.255.0,10.0.37.1,50904,50904,633774345,10.0.20.251
00908F9A29BA,10.0.37.154,255.255.255.0,10.0.37.1,50905,50905,203501042,10.0.20.251
00908F9A29B7,10.0.37.155,255.255.255.0,10.0.37.1,50906,50906,411176046,10.0.20.251
00908F9A29B8,10.0.37.156,255.255.255.0,10.0.37.1,50907,50907,628260021,10.0.20.251
00908F9A29BD,10.0.37.157,255.255.255.0,10.0.37.1,50908,50908,213194214,10.0.20.251
00908F9A2A31,10.0.37.158,255.255.255.0,10.0.37.1,50909,50909,833217307,10.0.20.251
00908F9A29BE,10.0.30.150,255.255.255.0,10.0.30.1,50910,50910,330108425,10.0.20.251
00908F9A29B9,10.4.201.150,255.255.255.0,10.4.201.1,50951,50951,564024440,10.0.20.251
00908F9A2A6D,10.4.201.151,255.255.255.0,10.4.201.1,50952,50952,213770505,10.0.20.251
00908F9A2645,10.4.201.152,255.255.255.0,10.4.201.1,50953,50953,979609068,10.0.20.251
00908F9A26A5,10.4.201.153,255.255.255.0,10.4.201.1,50954,50954,588184844,10.0.20.251
00908F9A2654,10.4.201.154,255.255.255.0,10.4.201.1,50955,50955,735261545,10.0.20.251
00908F9A2657,10.4.201.155,255.255.255.0,10.4.201.1,50956,50956,768688658,10.0.20.251
00908F9A264B,10.4.201.156,255.255.255.0,10.4.201.1,50957,50957,904539913,10.0.20.251
00908F9A2648,10.4.201.157,255.255.255.0,10.4.201.1,50958,50958,814667426,10.0.20.251
00908F9A26B7,10.4.201.158,255.255.255.0,10.4.201.1,50959,50959,631211825,10.0.20.251
00908F9A2649,10.4.201.159,255.255.255.0,10.4.201.1,50960,50960,688776126,10.0.20.251
00908F9A26D5,10.4.201.160,255.255.255.0,10.4.201.1,50961,50961,786197023,10.0.20.251
00908F9A2644,10.4.201.161,255.255.255.0,10.4.201.1,50962,50962,212450873,10.0.20.251
00908F9A2676,10.4.201.162,255.255.255.0,10.4.201.1,50963,50963,908771714,10.0.20.251
00908F9A2674,10.4.201.163,255.255.255.0,10.4.201.1,50964,50964,725744282,10.0.20.251
00908F9A271C,10.4.201.164,255.255.255.0,10.4.201.1,50965,50965,742521973,10.0.20.251
00908F9A26F3,10.4.201.165,255.255.255.0,10.4.201.1,50966,50966,771009438,10.0.20.251
00908F9A2694,10.4.201.166,255.255.255.0,10.4.201.1,50967,50967,356303410,10.0.20.251
00908F9A28F6,10.1.3.150,255.255.255.0,10.1.3.1,51000,51000,822751732,10.0.31.253
00908F9A28F7,10.1.3.151,255.255.255.0,10.1.3.1,51001,51001,369416860,10.0.31.253
00908F9A28F5,10.1.3.152,255.255.255.0,10.1.3.1,51002,51002,380644358,10.0.31.253
00908F9A28F1,10.1.3.153,255.255.255.0,10.1.3.1,51003,51003,294129314,10.0.31.253
00908F9A28F0,10.1.3.154,255.255.255.0,10.1.3.1,51004,51004,801575932,10.0.31.253
00908F9A2901,10.1.3.155,255.255.255.0,10.1.3.1,51005,51005,592129045,10.0.31.253
00908F9A28FA,10.1.3.156,255.255.255.0,10.1.3.1,51006,51006,730342489,10.0.31.253
00908F9A28FC,10.1.3.157,255.255.255.0,10.1.3.1,51007,51007,730440911,10.0.31.253
00908F9A28F8,10.1.3.158,255.255.255.0,10.1.3.1,51008,51008,404615567,10.0.31.253
00908F9A28F4,10.1.3.159,255.255.255.0,10.1.3.1,51009,51009,910458104,10.0.31.253
00908F9A2900,10.1.3.160,255.255.255.0,10.1.3.1,51010,51010,836140240,10.0.31.253
00908F9A28FF,10.1.3.161,255.255.255.0,10.1.3.1,51011,51011,827684742,10.0.31.253
00908F9A29C8,10.1.3.162,255.255.255.0,10.1.3.1,51012,51012,253872785,10.0.31.253
00908F9A28F9,10.1.3.163,255.255.255.0,10.1.3.1,51013,51013,868093298,10.0.31.253
00908F9A28FB,10.1.3.164,255.255.255.0,10.1.3.1,51014,51014,624171688,10.0.31.253
00908F9A2904,10.1.3.165,255.255.255.0,10.1.3.1,51015,51015,318400923,10.0.31.253
00908F9A2903,10.1.3.166,255.255.255.0,10.1.3.1,51016,51016,422952649,10.0.31.253
00908F9A2902,10.1.3.167,255.255.255.0,10.1.3.1,51017,51017,926320302,10.0.31.253
00908F9A290D,10.1.3.168,255.255.255.0,10.1.3.1,51018,51018,491212377,10.0.31.253
00908F9A28FD,10.1.3.169,255.255.255.0,10.1.3.1,51019,51019,982111510,10.0.31.253
00908F9A2B30,10.1.3.170,255.255.255.0,10.1.3.1,51020,51020,535682931,10.0.31.253
00908F9A2DE7,10.1.3.171,255.255.255.0,10.1.3.1,51021,51021,415669479,10.0.31.253
00908F9A2D98,10.1.3.172,255.255.255.0,10.1.3.1,51022,51022,263533189,10.0.31.253
00908F9A2B24,10.1.3.173,255.255.255.0,10.1.3.1,51023,51023,890450176,10.0.31.253
00908F9A2B26,10.1.3.174,255.255.255.0,10.1.3.1,51024,51024,198550298,10.0.31.253
00908F9A2B23,10.1.3.175,255.255.255.0,10.1.3.1,51025,51025,620513209,10.0.31.253
00908F9A2B2C,10.1.3.176,255.255.255.0,10.1.3.1,51026,51026,271638370,10.0.31.253
00908F9A2C03,10.1.3.177,255.255.255.0,10.1.3.1,51027,51027,559583946,10.0.31.253
00908F9A2B28,10.1.3.178,255.255.255.0,10.1.3.1,51028,51028,192475064,10.0.31.253
00908F9A2B2A,10.2.1.150,255.255.255.0,10.2.1.1,52000,52000,780814102,10.0.31.253
00908F9A2898,10.2.1.151,255.255.255.0,10.2.1.1,52001,52001,949765953,10.0.31.253
00908F9A2891,10.2.1.152,255.255.255.0,10.2.1.1,52002,52002,652679182,10.0.31.253
00908F9A2893,10.2.1.153,255.255.255.0,10.2.1.1,52003,52003,494721928,10.0.31.253
00908F9A288F,10.2.1.154,255.255.255.0,10.2.1.1,52004,52004,663816830,10.0.31.253
00908F9A28D1,10.2.1.155,255.255.255.0,10.2.1.1,52005,52005,168227419,10.0.31.253
00908F9A288C,10.2.1.156,255.255.255.0,10.2.1.1,52006,52006,880707893,10.0.31.253
00908F9A288E,10.2.1.157,255.255.255.0,10.2.1.1,52007,52007,125234998,10.0.31.253
00908F9A288D,10.2.1.158,255.255.255.0,10.2.1.1,52008,52008,537998995,10.0.31.253
00908F9A2886,10.2.1.159,255.255.255.0,10.2.1.1,52009,52009,952938280,10.0.31.253
00908F9A28D6,10.2.1.160,255.255.255.0,10.2.1.1,52010,52010,229608223,10.0.31.253
00908F9A2B6B,10.2.1.161,255.255.255.0,10.2.1.1,52011,52011,798196256,10.0.31.253
00908F9A2B46,10.2.1.162,255.255.255.0,10.2.1.1,52012,52012,477177139,10.0.31.253
00908F9A2B40,10.2.1.163,255.255.255.0,10.2.1.1,52013,52013,517478528,10.0.31.253
00908F9A2B47,10.2.1.164,255.255.255.0,10.2.1.1,52014,52014,851064792,10.0.31.253
00908F9A2B43,10.2.1.165,255.255.255.0,10.2.1.1,52015,52015,210233065,10.0.31.253
00908F9A2B8B,10.2.1.166,255.255.255.0,10.2.1.1,52016,52016,854571996,10.0.31.253
00908F9A2B48,10.2.1.167,255.255.255.0,10.2.1.1,52017,52017,904549896,10.0.31.253
00908F9A2B3E,10.2.1.168,255.255.255.0,10.2.1.1,52018,52018,341775953,10.0.31.253
00908F9A2B3B,10.3.1.51,255.255.255.0,10.3.1.1,53000,53000,175098748,10.0.31.253
00908F9A2B42,10.3.1.52,255.255.255.0,10.3.1.1,53001,53001,954802399,10.0.31.253
00908F9A2739,10.3.1.53,255.255.255.0,10.3.1.1,53002,53002,846165916,10.0.31.253
00908F9A2732,10.3.1.54,255.255.255.0,10.3.1.1,53003,53003,796706160,10.0.31.253
00908F9A2731,10.3.1.55,255.255.255.0,10.3.1.1,53004,53004,130595408,10.0.31.253
00908F9A272D,10.3.1.56,255.255.255.0,10.3.1.1,53005,53005,537803288,10.0.31.253
00908F9A2749,10.3.1.57,255.255.255.0,10.3.1.1,53006,53006,633426747,10.0.31.253
00908F9A2730,10.3.1.58,255.255.255.0,10.3.1.1,53007,53007,661888288,10.0.31.253
00908F9A2747,10.3.1.59,255.255.255.0,10.3.1.1,53008,53008,838699635,10.0.31.253
00908F9A274C,10.3.1.60,255.255.255.0,10.3.1.1,53009,53009,474526812,10.0.31.253
00908F9A274B,10.3.1.61,255.255.255.0,10.3.1.1,53010,53010,849958571,10.0.31.253
00908F9A272E,10.3.1.62,255.255.255.0,10.3.1.1,53011,53011,912256521,10.0.31.253
00908F9A272C,10.3.1.63,255.255.255.0,10.3.1.1,53012,53012,866704890,10.0.31.253
00908F9A2687,10.3.1.64,255.255.255.0,10.3.1.1,53013,53013,853760987,10.0.31.253
00908F9A2686,10.3.1.65,255.255.255.0,10.3.1.1,53014,53014,543481876,10.0.31.253
00908F9A2684,10.3.1.66,255.255.255.0,10.3.1.1,53015,53015,834566395,10.0.31.253
00908F9A2683,10.3.1.67,255.255.255.0,10.3.1.1,53016,53016,723196388,10.0.31.253
00908F9A2682,10.3.1.68,255.255.255.0,10.3.1.1,53017,53017,820121239,10.0.31.253
00908F9A267F,10.3.1.69,255.255.255.0,10.3.1.1,53018,53018,926413350,10.0.31.253
00908F9A267E,10.3.1.70,255.255.255.0,10.3.1.1,53019,53019,871838223,10.0.31.253
00908F9A2681,10.3.1.71,255.255.255.0,10.3.1.1,53020,53020,920649257,10.0.31.253
00908F9A2680,10.3.1.72,255.255.255.0,10.3.1.1,53021,53021,456633518,10.0.31.253
00908F9A2B60,10.3.1.73,255.255.255.0,10.3.1.1,53022,53022,255046089,10.0.31.253
00908F9A2B32,10.3.1.74,255.255.255.0,10.3.1.1,53023,53023,736605815,10.0.31.253
00908F9A2B37,10.3.1.75,255.255.255.0,10.3.1.1,53024,53024,912716333,10.0.31.253
00908F9A2B36,10.3.1.76,255.255.255.0,10.3.1.1,53025,53025,499208747,10.0.31.253
00908F9A2B11,10.3.1.77,255.255.255.0,10.3.1.1,53026,53026,685413495,10.0.31.253
00908F9A2B33,10.3.1.78,255.255.255.0,10.3.1.1,53027,53027,143255804,10.0.31.253
00908F9A2B13,10.3.1.79,255.255.255.0,10.3.1.1,53028,53028,797066887,10.0.31.253
00908F9A2B44,10.3.1.80,255.255.255.0,10.3.1.1,53029,53029,132932836,10.0.31.253
00908F9A2B41,10.3.1.81,255.255.255.0,10.3.1.1,53030,53030,574447402,10.0.31.253
00908F9A2B68,10.3.1.82,255.255.255.0,10.3.1.1,53031,53031,454810052,10.0.31.253
00908F9A2AEC,10.3.1.83,255.255.255.0,10.3.1.1,53032,53032,360762662,10.0.31.253
00908F9A2B8E,10.3.1.84,255.255.255.0,10.3.1.1,53033,53033,247703583,10.0.31.253
00908F9A2AF1,10.3.1.85,255.255.255.0,10.3.1.1,53034,53034,472812746,10.0.31.253
00908F9A2AFB,10.3.1.86,255.255.255.0,10.3.1.1,53035,53035,771091756,10.0.31.253
00908F9A2AF5,10.3.1.87,255.255.255.0,10.3.1.1,53036,53036,412774323,10.0.31.253
00908F9A2AF3,10.4.1.150,255.255.255.0,10.4.1.1,54000,54000,723316517,10.0.31.253
00908F9A2B0B,10.4.1.151,255.255.255.0,10.4.1.1,54001,54001,420696067,10.0.31.253
00908F9A2AEB,10.4.1.152,255.255.255.0,10.4.1.1,54002,54002,457478012,10.0.31.253
00908F9A2AF4,10.4.1.153,255.255.255.0,10.4.1.1,54003,54003,706819180,10.0.31.253
00908F9A2B09,10.4.1.154,255.255.255.0,10.4.1.1,54004,54004,669218380,10.0.31.253
00908F9A29E6,10.4.1.155,255.255.255.0,10.4.1.1,54005,54005,652796128,10.0.31.253
00908F9A29E3,10.4.1.156,255.255.255.0,10.4.1.1,54006,54006,635048480,10.0.31.253
00908F9A29E1,10.4.1.157,255.255.255.0,10.4.1.1,54007,54007,262749288,10.0.31.253
00908F9A29D1,10.4.1.158,255.255.255.0,10.4.1.1,54008,54008,322015908,10.0.31.253
00908F9A29D4,10.4.1.159,255.255.255.0,10.4.1.1,54009,54009,768302159,10.0.31.253
00908F9A29D5,10.4.1.160,255.255.255.0,10.4.1.1,54010,54010,942004116,10.0.31.253
00908F9A29DC,10.4.1.161,255.255.255.0,10.4.1.1,54011,54011,922636721,10.0.31.253
00908F9A29DB,10.4.1.162,255.255.255.0,10.4.1.1,54012,54012,630046333,10.0.31.253
00908F9A29D3,10.4.1.163,255.255.255.0,10.4.1.1,54013,54013,599840823,10.0.31.253
00908F9A29D0,10.4.1.164,255.255.255.0,10.4.1.1,54014,54014,454577882,10.0.31.253
00908F9A2D6F,10.4.1.165,255.255.255.0,10.4.1.1,54015,54015,912832256,10.0.31.253
00908F9A2D2B,10.4.1.166,255.255.255.0,10.4.1.1,54016,54016,797907605,10.0.31.253
00908F9A2D25,10.4.1.167,255.255.255.0,10.4.1.1,54017,54017,959071853,10.0.31.253
00908F9A2BD6,10.4.1.168,255.255.255.0,10.4.1.1,54018,54018,141497533,10.0.31.253
00908F9A2D55,10.4.1.169,255.255.255.0,10.4.1.1,54019,54019,696437867,10.0.31.253
00908F9A2C17,10.4.1.170,255.255.255.0,10.4.1.1,54020,54020,830507768,10.0.31.253
00908F9A2E1B,10.4.1.171,255.255.255.0,10.4.1.1,54021,54021,548049450,10.0.31.253
00908F9A2E09,10.4.1.172,255.255.255.0,10.4.1.1,54022,54022,520658701,10.0.31.253
00908F9A2DF2,10.4.1.173,255.255.255.0,10.4.1.1,54023,54023,410592039,10.0.31.253
00908F9A2D1C,10.4.1.174,255.255.255.0,10.4.1.1,54024,54024,172231836,10.0.31.253
00908F9A299C,10.4.1.175,255.255.255.0,10.4.1.1,54025,54025,341506746,10.0.31.253
00908F9A2998,10.4.1.176,255.255.255.0,10.4.1.1,54026,54026,637773117,10.0.31.253
00908F9A299D,10.4.1.177,255.255.255.0,10.4.1.1,54027,54027,731030294,10.0.31.253
00908F9A29A1,10.4.1.178,255.255.255.0,10.4.1.1,54028,54028,311445340,10.0.31.253
00908F9A29A4,10.4.1.179,255.255.255.0,10.4.1.1,54029,54029,575833553,10.0.31.253
00908F9A2991,10.4.1.180,255.255.255.0,10.4.1.1,54030,54030,562309337,10.0.31.253
00908F9A2A22,10.4.1.181,255.255.255.0,10.4.1.1,54031,54031,799048108,10.0.31.253
00908F9A2996,10.4.1.182,255.255.255.0,10.4.1.1,54032,54032,941766425,10.0.31.253
00908F9A2999,10.4.1.183,255.255.255.0,10.4.1.1,54033,54033,903475447,10.0.31.253
00908F9A299A,10.4.1.184,255.255.255.0,10.4.1.1,54034,54034,289535734,10.0.31.253
00908F9A29B1,10.4.1.185,255.255.255.0,10.4.1.1,54035,54035,245094324,10.0.31.253
00908F9A29B2,10.4.1.186,255.255.255.0,10.4.1.1,54036,54036,797454141,10.0.31.253
00908F9A29B4,10.4.1.187,255.255.255.0,10.4.1.1,54037,54037,177490540,10.0.31.253
00908F9A29B5,10.4.1.188,255.255.255.0,10.4.1.1,54038,54038,361024765,10.0.31.253
00908F9A29B6,10.4.1.189,255.255.255.0,10.4.1.1,54039,54039,795716587,10.0.31.253
00908F9A29AD,10.4.1.190,255.255.255.0,10.4.1.1,54040,54040,559449466,10.0.31.253
00908F9A29D8,10.4.1.191,255.255.255.0,10.4.1.1,54041,54041,757284733,10.0.31.253
00908F9A29C1,10.5.1.150,255.255.255.0,10.5.1.1,55000,55000,656002670,10.0.31.253
00908F9A29BC,10.5.1.151,255.255.255.0,10.5.1.1,55001,55001,450169559,10.0.31.253
00908F9A29B3,10.5.1.152,255.255.255.0,10.5.1.1,55002,55002,195141213,10.0.31.253
00908F9A2650,10.5.1.153,255.255.255.0,10.5.1.1,55003,55003,178297074,10.0.31.253
00908F9A264C,10.5.1.154,255.255.255.0,10.5.1.1,55004,55004,792449664,10.0.31.253
00908F9A264E,10.5.1.155,255.255.255.0,10.5.1.1,55005,55005,511541171,10.0.31.253
00908F9A2647,10.5.1.156,255.255.255.0,10.5.1.1,55006,55006,975961514,10.0.31.253
00908F9A266E,10.5.1.157,255.255.255.0,10.5.1.1,55007,55007,545939264,10.0.31.253
00908F9A266B,10.5.1.158,255.255.255.0,10.5.1.1,55008,55008,191360839,10.0.31.253
00908F9A2646,10.5.1.159,255.255.255.0,10.5.1.1,55009,55009,154281382,10.0.31.253
00908F9A265D,10.5.1.160,255.255.255.0,10.5.1.1,55010,55010,751199922,10.0.31.253
00908F9A26F4,10.5.1.161,255.255.255.0,10.5.1.1,55011,55011,781764173,10.0.31.253
00908F9A2640,10.5.1.162,255.255.255.0,10.5.1.1,55012,55012,287907212,10.0.31.253
00908F9A298A,10.5.1.163,255.255.255.0,10.5.1.1,55013,55013,845864758,10.0.31.253
00908F9A2987,10.5.1.164,255.255.255.0,10.5.1.1,55014,55014,141405397,10.0.31.253
00908F9A29DA,10.5.1.165,255.255.255.0,10.5.1.1,55015,55015,351302932,10.0.31.253
00908F9A2988,10.5.1.166,255.255.255.0,10.5.1.1,55016,55016,771891467,10.0.31.253
00908F9A298E,10.5.1.167,255.255.255.0,10.5.1.1,55017,55017,451759224,10.0.31.253
00908F9A2984,10.5.1.168,255.255.255.0,10.5.1.1,55018,55018,331664220,10.0.31.253
00908F9A2982,10.6.1.150,255.255.255.0,10.6.1.1,56000,56000,298093450,10.0.31.253
00908F9A2981,10.6.1.151,255.255.255.0,10.6.1.1,56001,56001,224336688,10.0.31.253
00908F9A2985,10.6.1.152,255.255.255.0,10.6.1.1,56002,56002,321007845,10.0.31.253
00908F9A2989,10.6.1.153,255.255.255.0,10.6.1.1,56003,56003,640033323,10.0.31.253
00908F9A283F,10.6.1.154,255.255.255.0,10.6.1.1,56004,56004,361347460,10.0.31.253
00908F9A2841,10.6.1.155,255.255.255.0,10.6.1.1,56005,56005,498853802,10.0.31.253
00908F9A284B,10.6.1.156,255.255.255.0,10.6.1.1,56006,56006,362740035,10.0.31.253
00908F9A2867,10.6.1.157,255.255.255.0,10.6.1.1,56007,56007,471208937,10.0.31.253
00908F9A286D,10.6.1.158,255.255.255.0,10.6.1.1,56008,56008,454253779,10.0.31.253
00908F9A2840,10.6.1.159,255.255.255.0,10.6.1.1,56009,56009,464487042,10.0.31.253
00908F9A28FE,10.6.1.160,255.255.255.0,10.6.1.1,56010,56010,407918125,10.0.31.253
00908F9A2842,10.6.1.161,255.255.255.0,10.6.1.1,56011,56011,346538608,10.0.31.253
00908F9A2864,10.6.1.162,255.255.255.0,10.6.1.1,56012,56012,459478172,10.0.31.253
00908F9A2848,10.6.1.163,255.255.255.0,10.6.1.1,56013,56013,771175367,10.0.31.253
00908F9A29D7,10.6.1.164,255.255.255.0,10.6.1.1,56014,56014,142188311,10.0.31.253
00908F9A2A2E,10.6.1.165,255.255.255.0,10.6.1.1,56015,56015,822885852,10.0.31.253
00908F9A29B0,10.6.1.166,255.255.255.0,10.6.1.1,56016,56016,743874950,10.0.31.253
00908F9A29AB,10.6.1.167,255.255.255.0,10.6.1.1,56017,56017,686811925,10.0.31.253
00908F9A2A10,10.6.1.168,255.255.255.0,10.6.1.1,56018,56018,168945012,10.0.31.253
00908F9A29AE,10.6.1.169,255.255.255.0,10.6.1.1,56019,56019,190350284,10.0.31.253
00908F9A29AA,10.6.1.170,255.255.255.0,10.6.1.1,56020,56020,345054640,10.0.31.253
00908F9A29A8,10.6.1.171,255.255.255.0,10.6.1.1,56021,56021,843672006,10.0.31.253
00908F9A2A50,10.6.1.172,255.255.255.0,10.6.1.1,56022,56022,246782670,10.0.31.253
00908F9A29A7,10.6.1.173,255.255.255.0,10.6.1.1,56023,56023,644262644,10.0.31.253
00908F9A2A26,10.6.1.174,255.255.255.0,10.6.1.1,56024,56024,611519706,10.0.31.253
00908F9A2A1E,10.6.1.175,255.255.255.0,10.6.1.1,56025,56025,834025631,10.0.31.253
00908F9A29DD,10.6.1.176,255.255.255.0,10.6.1.1,56026,56026,385868393,10.0.31.253
00908F9A2A68,10.7.1.150,255.255.255.0,10.7.1.1,57000,57000,664039911,10.0.31.253
00908F9A29CC,10.7.1.151,255.255.255.0,10.7.1.1,57001,57001,440659863,10.0.31.253
00908F9A29CD,10.7.1.152,255.255.255.0,10.7.1.1,57002,57002,310478343,10.0.31.253
00908F9A29CB,10.7.1.153,255.255.255.0,10.7.1.1,57003,57003,719274824,10.0.31.253
00908F9A29D2,10.7.1.154,255.255.255.0,10.7.1.1,57004,57004,198276849,10.0.31.253
00908F9A29D6,10.7.1.155,255.255.255.0,10.7.1.1,57005,57005,798346697,10.0.31.253
00908F9A2A24,10.7.1.156,255.255.255.0,10.7.1.1,57006,57006,668536576,10.0.31.253
00908F9A2967,10.7.1.157,255.255.255.0,10.7.1.1,57007,57007,306289288,10.0.31.253
00908F9A2980,10.7.1.158,255.255.255.0,10.7.1.1,57008,57008,413752954,10.0.31.253
00908F9A296D,10.7.1.159,255.255.255.0,10.7.1.1,57009,57009,297844450,10.0.31.253
00908F9A2968,10.7.1.160,255.255.255.0,10.7.1.1,57010,57010,984742642,10.0.31.253
00908F9A296A,10.7.1.161,255.255.255.0,10.7.1.1,57011,57011,226852076,10.0.31.253
00908F9A295D,10.7.1.162,255.255.255.0,10.7.1.1,57012,57012,281386007,10.0.31.253
00908F9A295C,10.7.1.163,255.255.255.0,10.7.1.1,57013,57013,488368819,10.0.31.253
00908F9A295F,10.7.1.164,255.255.255.0,10.7.1.1,57014,57014,290719331,10.0.31.253
00908F9A2965,10.7.1.165,255.255.255.0,10.7.1.1,57015,57015,544242852,10.0.31.253
00908F9A2963,10.7.1.166,255.255.255.0,10.7.1.1,57016,57016,948984283,10.0.31.253
00908F9A268B,10.7.1.167,255.255.255.0,10.7.1.1,57017,57017,137511851,10.0.31.253
00908F9A269E,10.7.1.168,255.255.255.0,10.7.1.1,57018,57018,875074398,10.0.31.253
00908F9A2638,10.7.1.169,255.255.255.0,10.7.1.1,57019,57019,680529799,10.0.31.253
00908F9A2635,10.7.1.170,255.255.255.0,10.7.1.1,57020,57020,864296597,10.0.31.253
00908F9A262C,10.7.1.171,255.255.255.0,10.7.1.1,57021,57021,537559612,10.0.31.253
00908F9A262B,10.7.1.172,255.255.255.0,10.7.1.1,57022,57022,315134775,10.0.31.253
00908F9A2637,10.7.1.173,255.255.255.0,10.7.1.1,57023,57023,327901104,10.0.31.253
00908F9A2630,10.7.1.174,255.255.255.0,10.7.1.1,57024,57024,405664956,10.0.31.253
00908F9A2633,10.7.1.175,255.255.255.0,10.7.1.1,57025,57025,945355963,10.0.31.253
00908F9A262E,10.7.1.176,255.255.255.0,10.7.1.1,57026,57026,672311814,10.0.31.253
00908F9A274E,10.7.1.177,255.255.255.0,10.7.1.1,57027,57027,913896515,10.0.31.253
00908F9A274D,10.7.1.178,255.255.255.0,10.7.1.1,57028,57028,841221145,10.0.31.253
00908F9A275D,10.7.1.179,255.255.255.0,10.7.1.1,57029,57029,223797367,10.0.31.253
00908F9A2733,10.7.1.180,255.255.255.0,10.7.1.1,57030,57030,664147687,10.0.31.253
00908F9A2729,10.7.1.181,255.255.255.0,10.7.1.1,57031,57031,296439320,10.0.31.253
00908F9A2757,10.7.1.182,255.255.255.0,10.7.1.1,57032,57032,286041949,10.0.31.253
00908F9A272F,10.7.1.183,255.255.255.0,10.7.1.1,57033,57033,759048118,10.0.31.253
00908F9A272A,10.8.11.150,255.255.255.0,10.8.11.1,58000,58000,873545475,10.0.31.253
00908F9A2727,10.8.11.151,255.255.255.0,10.8.11.1,58001,58001,198328520,10.0.31.253
00908F9A2725,10.8.11.152,255.255.255.0,10.8.11.1,58002,58002,640868046,10.0.31.253
00908F9A2AA7,10.8.11.153,255.255.255.0,10.8.11.1,58003,58003,603173443,10.0.31.253
00908F9A2A09,10.8.11.154,255.255.255.0,10.8.11.1,58004,58004,158774391,10.0.31.253
00908F9A2A07,10.8.11.155,255.255.255.0,10.8.11.1,58005,58005,153174269,10.0.31.253
00908F9A2A00,10.8.11.156,255.255.255.0,10.8.11.1,58006,58006,465996561,10.0.31.253
00908F9A2A14,10.8.11.157,255.255.255.0,10.8.11.1,58007,58007,668745979,10.0.31.253
00908F9A2A05,10.8.11.158,255.255.255.0,10.8.11.1,58008,58008,516573013,10.0.31.253
00908F9A2A01,10.8.11.159,255.255.255.0,10.8.11.1,58009,58009,434099389,10.0.31.253
00908F9A2AB3,10.8.11.160,255.255.255.0,10.8.11.1,58010,58010,632886742,10.0.31.253
00908F9A2A04,10.8.11.161,255.255.255.0,10.8.11.1,58011,58011,240224574,10.0.31.253
00908F9A29FE,10.8.11.162,255.255.255.0,10.8.11.1,58012,58012,616293970,10.0.31.253
00908F9A29F5,10.8.11.163,255.255.255.0,10.8.11.1,58013,58013,172102272,10.0.31.253
00908F9A29F7,10.8.11.164,255.255.255.0,10.8.11.1,58014,58014,498513324,10.0.31.253
00908F9A29F0,10.8.11.165,255.255.255.0,10.8.11.1,58015,58015,165066989,10.0.31.253
00908F9A29EE,10.8.11.166,255.255.255.0,10.8.11.1,58016,58016,721365251,10.0.31.253
00908F9A29F1,10.8.11.167,255.255.255.0,10.8.11.1,58017,58017,935662291,10.0.31.253
00908F9A29EB,10.8.11.168,255.255.255.0,10.8.11.1,58018,58018,863041084,10.0.31.253
00908F9A29F3,10.8.11.169,255.255.255.0,10.8.11.1,58019,58019,903972385,10.0.31.253
00908F9A29F2,10.8.11.170,255.255.255.0,10.8.11.1,58020,58020,846812314,10.0.31.253
00908F9A29EC,10.10.5.150,255.255.255.0,10.10.5.1,58200,58200,686394640,10.0.31.253
00908F9A29E9,10.10.5.151,255.255.255.0,10.10.5.1,58201,58201,332176511,10.0.31.253
00908F9A289C,10.10.5.152,255.255.255.0,10.10.5.1,58202,58202,417498463,10.0.31.253
00908F9A289B,10.10.5.153,255.255.255.0,10.10.5.1,58203,58203,282770514,10.0.31.253
00908F9A289A,10.10.5.154,255.255.255.0,10.10.5.1,58204,58204,510379600,10.0.31.253
00908F9A28C5,10.10.5.155,255.255.255.0,10.10.5.1,58205,58205,486123654,10.0.31.253
00908F9A289D,10.10.5.156,255.255.255.0,10.10.5.1,58206,58206,169231563,10.0.31.253
00908F9A28E6,10.10.5.157,255.255.255.0,10.10.5.1,58207,58207,446629902,10.0.31.253
00908F9A28A2,10.10.5.158,255.255.255.0,10.10.5.1,58208,58208,683926241,10.0.31.253
00908F9A2899,10.10.5.159,255.255.255.0,10.10.5.1,58209,58209,237706336,10.0.31.253
00908F9A28A0,10.10.5.160,255.255.255.0,10.10.5.1,58210,58210,751856831,10.0.31.253
00908F9A28EC,10.10.5.161,255.255.255.0,10.10.5.1,58211,58211,700089291,10.0.31.253
00908F9A265E,10.10.5.162,255.255.255.0,10.10.5.1,58212,58212,154087687,10.0.31.253
00908F9A266D,10.10.5.163,255.255.255.0,10.10.5.1,58213,58213,775034280,10.0.31.253
00908F9A265F,10.10.5.164,255.255.255.0,10.10.5.1,58214,58214,180093908,10.0.31.253
00908F9A2668,10.10.5.165,255.255.255.0,10.10.5.1,58215,58215,553242130,10.0.31.253
00908F9A2660,10.10.5.166,255.255.255.0,10.10.5.1,58216,58216,225184758,10.0.31.253
00908F9A2659,10.10.5.167,255.255.255.0,10.10.5.1,58217,58217,467066579,10.0.31.253
00908F9A2655,10.10.5.168,255.255.255.0,10.10.5.1,58218,58218,869439857,10.0.31.253
00908F9A2656,10.10.5.169,255.255.255.0,10.10.5.1,58219,58219,580466674,10.0.31.253
00908F9A26F5,10.10.5.170,255.255.255.0,10.10.5.1,58220,58220,835057645,10.0.31.253
00908F9A2667,10.10.5.171,255.255.255.0,10.10.5.1,58221,58221,777170886,10.0.31.253
00908F9A2651,10.10.5.172,255.255.255.0,10.10.5.1,58222,58222,280013629,10.0.31.253
00908F9A263D,10.10.5.173,255.255.255.0,10.10.5.1,58223,58223,623839136,10.0.31.253
00908F9A263E,10.10.5.174,255.255.255.0,10.10.5.1,58224,58224,975994070,10.0.31.253
00908F9A266A,10.10.5.175,255.255.255.0,10.10.5.1,58225,58225,131672175,10.0.31.253
00908F9A2643,10.10.5.176,255.255.255.0,10.10.5.1,58226,58226,441039609,10.0.31.253
00908F9A265C,10.10.5.177,255.255.255.0,10.10.5.1,58227,58227,230200328,10.0.31.253
00908F9A263F,10.10.5.178,255.255.255.0,10.10.5.1,58228,58228,684625470,10.0.31.253
00908F9A265B,10.10.5.179,255.255.255.0,10.10.5.1,58229,58229,427458663,10.0.31.253
00908F9A264F,10.10.5.180,255.255.255.0,10.10.5.1,58230,58230,200774956,10.0.31.253
00908F9A263B,10.10.5.181,255.255.255.0,10.10.5.1,58231,58231,671958085,10.0.31.253
00908F9A2653,10.10.5.182,255.255.255.0,10.10.5.1,58232,58232,293127134,10.0.31.253
00908F9A263A,10.10.5.183,255.255.255.0,10.10.5.1,58233,58233,463322676,10.0.31.253
00908F9A26A4,10.10.5.184,255.255.255.0,10.10.5.1,58234,58234,897044305,10.0.31.253
00908F9A2677,10.10.5.185,255.255.255.0,10.10.5.1,58235,58235,198187863,10.0.31.253
00908F9A263C,10.10.5.186,255.255.255.0,10.10.5.1,58236,58236,241729751,10.0.31.253
00908F9A26A1,10.10.5.187,255.255.255.0,10.10.5.1,58237,58237,501588571,10.0.31.253
00908F9A26C5,10.10.5.188,255.255.255.0,10.10.5.1,58238,58238,578971696,10.0.31.253
00908F9A264A,10.10.5.189,255.255.255.0,10.10.5.1,58239,58239,240655130,10.0.31.253
00908F9A264D,10.10.5.190,255.255.255.0,10.10.5.1,58240,58240,558051813,10.0.31.253
00908F9A2639,10.10.5.191,255.255.255.0,10.10.5.1,58241,58241,611147940,10.0.31.253
00908F9A28CF,10.8.204.105,255.255.255.0,10.8.204.1,35055,35055,368447786,10.7.205.153
00908F9A28D4,10.8.204.106,255.255.255.0,10.8.204.1,35056,35056,704260247,10.7.205.153
00908F9A2AB4,10.8.204.107,255.255.255.0,10.8.204.1,35057,35057,162106637,10.7.205.153
00908F9A28A6,10.8.204.108,255.255.255.0,10.8.204.1,35058,35058,552253157,10.7.205.153
00908F9A28A8,10.8.204.109,255.255.255.0,10.8.204.1,35059,35059,771520929,10.7.205.153
00908F9A2890,10.8.204.111,255.255.255.0,10.8.204.1,35060,35060,667433151,10.7.205.153
00908F9A29E2,10.8.204.112,255.255.255.0,10.8.204.1,35061,35061,753564568,10.7.205.153
00908F9A2892,10.8.204.113,255.255.255.0,10.8.204.1,35062,35062,771202790,10.7.205.153
00908F9A2896,10.8.204.114,255.255.255.0,10.8.204.1,35063,35063,301193595,10.7.205.153
00908F9A2897,10.8.204.115,255.255.255.0,10.8.204.1,35064,35064,726654593,10.7.205.153
00908F9A2A0D,10.8.204.116,255.255.255.0,10.8.204.1,35065,35065,882406928,10.7.205.153
00908F9A29FA,10.8.204.117,255.255.255.0,10.8.204.1,35066,35066,693027668,10.7.205.153
00908F9A2A02,10.8.204.118,255.255.255.0,10.8.204.1,35067,35067,293371354,10.7.205.153
00908F9A29FB,10.8.204.119,255.255.255.0,10.8.204.1,35068,35068,383766381,10.7.205.153
00908F9A29F6,10.8.204.120,255.255.255.0,10.8.204.1,35069,35069,754283611,10.7.205.153
00908F9A29F4,10.8.204.121,255.255.255.0,10.8.204.1,35070,35070,975490327,10.7.205.153
00908F9A2A1B,10.8.204.122,255.255.255.0,10.8.204.1,35071,35071,494183599,10.7.205.153
00908F9A2A03,10.8.204.123,255.255.255.0,10.8.204.1,35072,35072,911998319,10.7.205.153
00908F9A29F8,10.8.204.124,255.255.255.0,10.8.204.1,35073,35073,843836441,10.7.205.153
00908F9A2A08,10.8.204.125,255.255.255.0,10.8.204.1,35074,35074,273410116,10.7.205.153
00908F9A29E5,10.8.204.126,255.255.255.0,10.8.204.1,35075,35075,165020453,10.7.205.153
00908F9A29E7,10.8.204.127,255.255.255.0,10.8.204.1,35076,35076,429897969,10.7.205.153
00908F9A29ED,10.8.204.128,255.255.255.0,10.8.204.1,35077,35077,385086124,10.7.205.153
00908F9A29E0,10.8.204.129,255.255.255.0,10.8.204.1,35078,35078,666060214,10.7.205.153
00908F9A29E4,10.8.204.130,255.255.255.0,10.8.204.1,35079,35079,776851243,10.7.205.153
00908F9A29E8,10.8.204.131,255.255.255.0,10.8.204.1,35080,35080,704149124,10.7.205.153
00908F9A29EA,10.8.204.132,255.255.255.0,10.8.204.1,35081,35081,907648839,10.7.205.153
00908F9A29EF,10.8.204.133,255.255.255.0,10.8.204.1,35082,35082,599656914,10.7.205.153
00908F9A29FD,10.8.204.134,255.255.255.0,10.8.204.1,35083,35083,676326496,10.7.205.153
00908F9A2A18,10.8.204.135,255.255.255.0,10.8.204.1,35084,35084,753512160,10.7.205.153
00908F9A28A4,10.8.204.136,255.255.255.0,10.8.204.1,35085,35085,227558904,10.7.205.153
00908F9A28A7,10.8.204.137,255.255.255.0,10.8.204.1,35086,35086,560788971,10.7.205.153
00908F9A28AB,10.8.204.138,255.255.255.0,10.8.204.1,35087,35087,661019013,10.7.205.153
00908F9A28AC,10.8.204.139,255.255.255.0,10.8.204.1,35088,35088,350246408,10.7.205.153
00908F9A28AA,10.8.204.140,255.255.255.0,10.8.204.1,35089,35089,778158506,10.7.205.153
00908F9A289E,10.8.204.141,255.255.255.0,10.8.204.1,35090,35090,689414253,10.7.205.153
00908F9A28A1,10.8.204.142,255.255.255.0,10.8.204.1,35091,35091,919336704,10.7.205.153
00908F9A28A3,10.8.204.143,255.255.255.0,10.8.204.1,35092,35092,725866174,10.7.205.153
00908F9A28A9,10.8.204.144,255.255.255.0,10.8.204.1,35093,35093,204443400,10.7.205.153
00908F9A28A5,10.8.204.145,255.255.255.0,10.8.204.1,35094,35094,623106291,10.7.205.153
00908F9A26F7,10.8.204.146,255.255.255.0,10.8.204.1,35095,35095,197652484,10.7.205.153
00908F9A2664,10.8.204.147,255.255.255.0,10.8.204.1,35096,35096,245293808,10.7.205.153
00908F9A267B,10.8.204.148,255.255.255.0,10.8.204.1,35097,35097,620647181,10.7.205.153
00908F9A28BF,10.8.204.149,255.255.255.0,10.8.204.1,35098,35098,133133016,10.7.205.153
00908F9A26F9,10.8.204.150,255.255.255.0,10.8.204.1,35099,35099,909242978,10.7.205.153
00908F9A2665,10.8.204.151,255.255.255.0,10.8.204.1,35100,35100,973090219,10.7.205.153
00908F9A265A,10.8.204.152,255.255.255.0,10.8.204.1,35101,35101,234013395,10.7.205.153
00908F9A28CC,10.8.204.153,255.255.255.0,10.8.204.1,35102,35102,917064429,10.7.205.153
00908F9A266C,10.8.204.154,255.255.255.0,10.8.204.1,35103,35103,459841771,10.7.205.153
00908F9A2662,10.8.204.156,255.255.255.0,10.8.204.1,35104,35104,567100510,10.7.205.153
00908F9A299E,10.8.204.157,255.255.255.0,10.8.204.1,35105,35105,790249011,10.7.205.153
00908F9A29A2,10.8.204.158,255.255.255.0,10.8.204.1,35106,35106,329332331,10.7.205.153
00908F9A29A3,10.8.204.159,255.255.255.0,10.8.204.1,35107,35107,548334712,10.7.205.153
00908F9A299F,10.8.204.160,255.255.255.0,10.8.204.1,35108,35108,884499256,10.7.205.153
00908F9A29A0,10.8.204.170,255.255.255.0,10.8.204.1,35109,35109,752365841,10.7.205.153
00908F9A2AB5,10.1.207.106,255.255.255.0,10.1.207.1,35126,35126,422167510,10.7.205.153
00908F9A2AB7,10.1.207.107,255.255.255.0,10.1.207.1,35127,35127,877041273,10.7.205.153
00908F9A2AB2,10.1.207.108,255.255.255.0,10.1.207.1,35133,35133,683681059,10.7.205.153
00908F9A2ABA,10.1.207.109,255.255.255.0,10.1.207.1,35134,35134,933650195,10.7.205.153
00908F9A2AB8,10.1.207.110,255.255.255.0,10.1.207.1,35135,35135,344379146,10.7.205.153
00908F9A2AAF,10.1.207.111,255.255.255.0,10.1.207.1,35136,35136,421372868,10.7.205.153
00908F9A2ABE,10.1.207.112,255.255.255.0,10.1.207.1,35137,35137,810573785,10.7.205.153
00908F9A2AE9,10.1.207.113,255.255.255.0,10.1.207.1,35138,35138,314344773,10.7.205.153
00908F9A2AB6,10.1.207.114,255.255.255.0,10.1.207.1,35139,35139,657211664,10.7.205.153
00908F9A2AB0,10.1.207.115,255.255.255.0,10.1.207.1,35140,35140,766791898,10.7.205.153
00908F9A2AF7,10.1.207.116,255.255.255.0,10.1.207.1,35141,35141,457879530,10.7.205.153
00908F9A2B7A,10.1.207.117,255.255.255.0,10.1.207.1,35142,35142,430195837,10.7.205.153
00908F9A2AFA,10.1.207.118,255.255.255.0,10.1.207.1,35143,35143,316121143,10.7.205.153
00908F9A2AFF,10.1.207.119,255.255.255.0,10.1.207.1,35144,35144,891142513,10.7.205.153
00908F9A2B3A,10.1.207.120,255.255.255.0,10.1.207.1,35145,35145,730597961,10.7.205.153
00908F9A2AF9,10.1.207.121,255.255.255.0,10.1.207.1,35146,35146,766795012,10.7.205.153
00908F9A2BBA,10.1.207.122,255.255.255.0,10.1.207.1,35147,35147,791176281,10.7.205.153
00908F9A2AF8,10.1.207.123,255.255.255.0,10.1.207.1,35148,35148,966444742,10.7.205.153
00908F9A2AFD,10.1.207.124,255.255.255.0,10.1.207.1,35149,35149,410737776,10.7.205.153
00908F9A2B03,10.1.207.125,255.255.255.0,10.1.207.1,35150,35150,730629343,10.7.205.153
00908F9A2696,10.1.207.126,255.255.255.0,10.1.207.1,35151,35151,307500177,10.7.205.153
00908F9A28B3,10.1.207.127,255.255.255.0,10.1.207.1,35152,35152,277634459,10.7.205.153
00908F9A266F,10.1.207.128,255.255.255.0,10.1.207.1,35153,35153,320956676,10.7.205.153
00908F9A289F,10.1.207.129,255.255.255.0,10.1.207.1,35154,35154,355392525,10.7.205.153
00908F9A2679,10.1.207.130,255.255.255.0,10.1.207.1,35155,35155,637660240,10.7.205.153
00908F9A2688,10.1.207.131,255.255.255.0,10.1.207.1,35156,35156,309067934,10.7.205.153
00908F9A28C0,10.1.207.132,255.255.255.0,10.1.207.1,35157,35157,164266139,10.7.205.153
00908F9A287C,10.1.207.133,255.255.255.0,10.1.207.1,35158,35158,924395176,10.7.205.153
00908F9A2863,10.1.207.134,255.255.255.0,10.1.207.1,35159,35159,637914365,10.7.205.153
00908F9A292B,10.1.207.135,255.255.255.0,10.1.207.1,35160,35160,430356371,10.7.205.153
00908F9A2B1C,10.1.207.136,255.255.255.0,10.1.207.1,35161,35161,920887643,10.7.205.153
00908F9A2B1D,10.1.207.137,255.255.255.0,10.1.207.1,35162,35162,324420201,10.7.205.153
00908F9A2B17,10.1.207.138,255.255.255.0,10.1.207.1,35163,35163,277695174,10.7.205.153
00908F9A2B16,10.1.207.139,255.255.255.0,10.1.207.1,35164,35164,300949824,10.7.205.153
00908F9A2C38,10.1.207.140,255.255.255.0,10.1.207.1,35165,35165,656048437,10.7.205.153
00908F9A2B27,10.1.207.141,255.255.255.0,10.1.207.1,35166,35166,760753945,10.7.205.153
00908F9A2B25,10.1.207.142,255.255.255.0,10.1.207.1,35167,35167,249479670,10.7.205.153
00908F9A2B21,10.1.207.143,255.255.255.0,10.1.207.1,35168,35168,937979860,10.7.205.153
00908F9A2B22,10.1.207.144,255.255.255.0,10.1.207.1,35169,35169,698899940,10.7.205.153
00908F9A2B20,10.1.207.145,255.255.255.0,10.1.207.1,35170,35170,656987332,10.7.205.153
00908F9A2CF9,10.1.207.146,255.255.255.0,10.1.207.1,35171,35171,451981745,10.7.205.153
00908F9A2C3C,10.1.207.147,255.255.255.0,10.1.207.1,35172,35172,263923370,10.7.205.153
00908F9A2B3F,10.1.207.151,255.255.255.0,10.1.207.1,35173,35173,476208862,10.7.205.153
00908F9A2C59,10.1.207.152,255.255.255.0,10.1.207.1,35174,35174,141748657,10.7.205.153
00908F9A2CCC,10.1.207.153,255.255.255.0,10.1.207.1,35175,35175,678355610,10.7.205.153
00908F9A2DFA,10.1.207.154,255.255.255.0,10.1.207.1,35176,35176,182139859,10.7.205.153
00908F9A2C6A,10.1.207.156,255.255.255.0,10.1.207.1,35177,35177,860637536,10.7.205.153
00908F9A2B54,10.1.207.157,255.255.255.0,10.1.207.1,35178,35178,835889233,10.7.205.153
00908F9A2C66,10.1.207.158,255.255.255.0,10.1.207.1,35179,35179,616561564,10.7.205.153
00908F9A2B4E,10.1.207.159,255.255.255.0,10.1.207.1,35180,35180,511749434,10.7.205.153
00908F9A2B2D,10.1.207.160,255.255.255.0,10.1.207.1,35181,35181,555075584,10.7.205.153
00908F9A2B1B,10.1.207.161,255.255.255.0,10.1.207.1,35182,35182,146625197,10.7.205.153
00908F9A2B29,10.1.207.162,255.255.255.0,10.1.207.1,35183,35183,281648832,10.7.205.153
00908F9A2B19,10.1.207.163,255.255.255.0,10.1.207.1,35184,35184,539007311,10.7.205.153
00908F9A2B2E,10.1.207.164,255.255.255.0,10.1.207.1,35185,35185,211819460,10.7.205.153
00908F9A2B31,10.1.207.165,255.255.255.0,10.1.207.1,35186,35186,245494381,10.7.205.153
00908F9A2B39,10.1.207.166,255.255.255.0,10.1.207.1,35187,35187,916747817,10.7.205.153
00908F9A2B12,10.1.207.167,255.255.255.0,10.1.207.1,35188,35188,665824131,10.7.205.153
00908F9A2B3D,10.1.207.168,255.255.255.0,10.1.207.1,35189,35189,982058803,10.7.205.153
00908F9A2B38,10.1.207.169,255.255.255.0,10.1.207.1,35190,35190,652691288,10.7.205.153
00908F9A2723,10.1.207.170,255.255.255.0,10.1.207.1,35191,35191,576215696,10.7.205.153
00908F9A2726,10.1.207.171,255.255.255.0,10.1.207.1,35192,35192,719331061,10.7.205.153
00908F9A277D,10.4.201.103,255.255.255.0,10.4.201.1,35200,35200,448262457,10.7.205.153
00908F9A274A,10.4.201.104,255.255.255.0,10.4.201.1,35201,35201,964872013,10.7.205.153
00908F9A279B,10.4.201.105,255.255.255.0,10.4.201.1,35202,35202,531744007,10.7.205.153
00908F9A2734,10.4.201.106,255.255.255.0,10.4.201.1,35203,35203,197862768,10.7.205.153
00908F9A2720,10.4.201.107,255.255.255.0,10.4.201.1,35204,35204,443318797,10.7.205.153
00908F9A275C,10.4.201.108,255.255.255.0,10.4.201.1,35205,35205,230736629,10.7.205.153
00908F9A2724,10.4.201.109,255.255.255.0,10.4.201.1,35206,35206,540185154,10.7.205.153
00908F9A2771,10.4.201.110,255.255.255.0,10.4.201.1,35207,35207,867663867,10.7.205.153
00908F9A2B07,10.4.201.111,255.255.255.0,10.4.201.1,35208,35208,498147827,10.7.205.153
00908F9A2B08,10.4.201.112,255.255.255.0,10.4.201.1,35209,35209,852218172,10.7.205.153
00908F9A2B06,10.4.201.113,255.255.255.0,10.4.201.1,35210,35210,782793486,10.7.205.153
00908F9A2B15,10.4.201.114,255.255.255.0,10.4.201.1,35211,35211,977732393,10.7.205.153
00908F9A2BA4,10.4.201.115,255.255.255.0,10.4.201.1,35212,35212,521020829,10.7.205.153
00908F9A2B0D,10.4.201.116,255.255.255.0,10.4.201.1,35213,35213,783627760,10.7.205.153
00908F9A2B6E,10.4.201.117,255.255.255.0,10.4.201.1,35214,35214,850131271,10.7.205.153
00908F9A2B0A,10.4.201.118,255.255.255.0,10.4.201.1,35215,35215,409308494,10.7.205.153
00908F9A2B04,10.4.201.119,255.255.255.0,10.4.201.1,35216,35216,342345490,10.7.205.153
00908F9A2B3C,10.4.201.120,255.255.255.0,10.4.201.1,35217,35217,751185221,10.7.205.153
00908F9A2AC7,10.4.201.121,255.255.255.0,10.4.201.1,35218,35218,918035254,10.7.205.153
00908F9A2AC8,10.4.201.122,255.255.255.0,10.4.201.1,35219,35219,466043882,10.7.205.153
00908F9A2AC6,10.4.201.123,255.255.255.0,10.4.201.1,35220,35220,494319751,10.7.205.153
00908F9A2AC1,10.4.201.124,255.255.255.0,10.4.201.1,35221,35221,494445633,10.7.205.153
00908F9A2AE7,10.4.201.125,255.255.255.0,10.4.201.1,35222,35222,413381937,10.7.205.153
00908F9A2ABC,10.4.201.126,255.255.255.0,10.4.201.1,35223,35223,245275523,10.7.205.153
00908F9A2AC0,10.4.201.127,255.255.255.0,10.4.201.1,35224,35224,135436297,10.7.205.153
00908F9A2AC3,10.4.201.128,255.255.255.0,10.4.201.1,35225,35225,391602519,10.7.205.153
00908F9A29A6,10.7.205.106,255.255.255.0,10.7.205.1,35227,35227,369423963,10.7.205.153
00908F9A29A9,10.7.205.107,255.255.255.0,10.7.205.1,35228,35228,417026155,10.7.205.153
00908F9A29A5,10.7.205.108,255.255.255.0,10.7.205.1,35229,35229,229426451,10.7.205.153
00908F9A29AF,10.7.205.109,255.255.255.0,10.7.205.1,35230,35230,573823369,10.7.205.153
00908F9A2A41,10.7.205.110,255.255.255.0,10.7.205.1,35231,35231,161701131,10.7.205.153
00908F9A275E,10.7.205.111,255.255.255.0,10.7.205.1,35232,35232,850483090,10.7.205.153
00908F9A2754,10.7.205.112,255.255.255.0,10.7.205.1,35233,35233,855996159,10.7.205.153
00908F9A2766,10.7.205.113,255.255.255.0,10.7.205.1,35234,35234,459882801,10.7.205.153
00908F9A2751,10.7.205.114,255.255.255.0,10.7.205.1,35235,35235,174453764,10.7.205.153
00908F9A276B,10.7.205.115,255.255.255.0,10.7.205.1,35236,35236,887145948,10.7.205.153
00908F9A278D,10.7.205.116,255.255.255.0,10.7.205.1,35237,35237,441909441,10.7.205.153
00908F9A2743,10.7.205.117,255.255.255.0,10.7.205.1,35238,35238,390685636,10.7.205.153
00908F9A273C,10.7.205.118,255.255.255.0,10.7.205.1,35239,35239,405658434,10.7.205.153
00908F9A2753,10.7.205.119,255.255.255.0,10.7.205.1,35240,35240,648987818,10.7.205.153
00908F9A274F,10.7.205.120,255.255.255.0,10.7.205.1,35241,35241,579547074,10.7.205.153
00908F9A2ACF,10.7.205.121,255.255.255.0,10.7.205.1,35242,35242,760042506,10.7.205.153
00908F9A2ADE,10.7.205.122,255.255.255.0,10.7.205.1,35243,35243,467742654,10.7.205.153
00908F9A2AD0,10.7.205.123,255.255.255.0,10.7.205.1,35244,35244,873046802,10.7.205.153
00908F9A2ADC,10.7.205.124,255.255.255.0,10.7.205.1,35245,35245,652515410,10.7.205.153
00908F9A2AD4,10.7.205.125,255.255.255.0,10.7.205.1,35246,35246,836790132,10.7.205.153
00908F9A2AC9,10.7.205.126,255.255.255.0,10.7.205.1,35247,35247,491834468,10.7.205.153
00908F9A2AD3,10.7.205.127,255.255.255.0,10.7.205.1,35248,35248,723259336,10.7.205.153
00908F9A2AD7,10.7.205.128,255.255.255.0,10.7.205.1,35249,35249,740124839,10.7.205.153
00908F9A2AD2,10.7.205.129,255.255.255.0,10.7.205.1,35250,35250,842688503,10.7.205.153
00908F9A2ACC,10.7.205.130,255.255.255.0,10.7.205.1,35251,35251,190952424,10.7.205.153
00908F9A2745,10.1.202.104,255.255.255.0,10.1.202.1,35267,35267,595968806,10.7.205.153
00908F9A2746,10.1.202.105,255.255.255.0,10.1.202.1,35268,35268,555382692,10.7.205.153
00908F9A2763,10.1.202.106,255.255.255.0,10.1.202.1,35269,35269,267024211,10.7.205.153
00908F9A275F,10.1.202.107,255.255.255.0,10.1.202.1,35270,35270,557713722,10.7.205.153
00908F9A273A,10.1.202.108,255.255.255.0,10.1.202.1,35271,35271,789719819,10.7.205.153
00908F9A2758,10.1.202.109,255.255.255.0,10.1.202.1,35272,35272,592533019,10.7.205.153
00908F9A273E,10.1.202.110,255.255.255.0,10.1.202.1,35273,35273,144296106,10.7.205.153
00908F9A2750,10.1.202.111,255.255.255.0,10.1.202.1,35274,35274,256050467,10.7.205.153
00908F9A2741,10.1.202.112,255.255.255.0,10.1.202.1,35275,35275,959833781,10.7.205.153
00908F9A2740,10.1.202.113,255.255.255.0,10.1.202.1,35276,35276,517870563,10.7.205.153
00908F9A2AF2,10.10.215.105,255.255.255.0,10.10.215.1,35286,35286,415539934,10.7.205.153
00908F9A2AE8,10.10.215.106,255.255.255.0,10.10.215.1,35287,35287,854443209,10.7.205.153
00908F9A2AED,10.10.215.107,255.255.255.0,10.10.215.1,35288,35288,301074886,10.7.205.153
00908F9A2B00,10.10.215.108,255.255.255.0,10.10.215.1,35289,35289,539861529,10.7.205.153
00908F9A2AEE,10.10.215.109,255.255.255.0,10.10.215.1,35290,35290,852933933,10.7.205.153
00908F9A2AE3,10.10.215.110,255.255.255.0,10.10.215.1,35291,35291,840120507,10.7.205.153
00908F9A2AE5,10.10.215.111,255.255.255.0,10.10.215.1,35292,35292,654751099,10.7.205.153
00908F9A2AF0,10.10.215.112,255.255.255.0,10.10.215.1,35293,35293,328388458,10.7.205.153
00908F9A2AE6,10.10.215.113,255.255.255.0,10.10.215.1,35294,35294,882557191,10.7.205.153
00908F9A2AEA,10.10.215.114,255.255.255.0,10.10.215.1,35295,35295,500772088,10.7.205.153
00908F9A2735,10.10.215.115,255.255.255.0,10.10.215.1,35296,35296,740460443,10.7.205.153
00908F9A2748,10.10.215.116,255.255.255.0,10.10.215.1,35297,35297,896111045,10.7.205.153
00908F9A2742,10.10.215.118,255.255.255.0,10.10.215.1,35298,35298,847926766,10.7.205.153
00908F9A2779,10.10.215.119,255.255.255.0,10.10.215.1,35299,35299,673348937,10.7.205.153
00908F9A2752,10.10.215.120,255.255.255.0,10.10.215.1,35300,35300,510800989,10.7.205.153
00908F9A2672,10.6.203.105,255.255.255.0,10.6.203.1,35314,35314,628535713,10.7.205.153
00908F9A267D,10.6.203.106,255.255.255.0,10.6.203.1,35315,35315,950856129,10.7.205.153
00908F9A2675,10.6.203.107,255.255.255.0,10.6.203.1,35317,35317,175058939,10.7.205.153
00908F9A271B,10.7.206.107,255.255.255.0,10.7.206.1,35318,35318,599497782,10.7.205.153
00908F9A27A2,10.7.206.108,255.255.255.0,10.7.206.1,35319,35319,499080474,10.7.205.153
00908F9A2673,10.7.206.105,255.255.255.0,10.7.206.1,35328,35328,182394594,10.7.205.153
00908F9A267A,10.7.206.106,255.255.255.0,10.7.206.1,35329,35329,549179464,10.7.205.153
00908F9A2736,10.9.52.102,255.255.255.0,10.9.52.1,35332,35332,566767258,10.7.205.153
00908F9A2738,10.9.52.103,255.255.255.0,10.9.52.1,35333,35333,650585323,10.7.205.153
00908F9A2744,10.9.52.104,255.255.255.0,10.9.52.1,35334,35334,358324538,10.7.205.153
00908F9A273B,10.9.52.105,255.255.255.0,10.9.52.1,35335,35335,180451677,10.7.205.153
00908F9A2760,10.4.65.107,255.255.255.0,10.4.65.1,35354,35354,948971103,10.7.205.153
00908F9A2ABB,10.4.65.106,255.255.255.0,10.4.65.1,35355,35355,444976962,10.7.205.153
00908F9A2ACA,10.4.65.105,255.255.255.0,10.4.65.1,35360,35360,307272728,10.7.205.153
00908F9A2ADD,10.4.65.109,255.255.255.0,10.4.65.1,35361,35361,310082721,10.7.205.153
00908F9A2AE0,10.4.65.108,255.255.255.0,10.4.65.1,35362,35362,930883732,10.7.205.153
00908F9A2AE1,10.4.65.110,255.255.255.0,10.4.65.1,35363,35363,236794533,10.7.205.153
00908F9A2B2F,10.7.211.105,255.255.255.0,10.7.211.1,35389,35389,690550393,10.7.205.153
00908F9A2B1F,10.7.211.106,255.255.255.0,10.7.211.1,35390,35390,823619786,10.7.205.153
00908F9A2B0F,10.7.211.107,255.255.255.0,10.7.211.1,35391,35391,256396570,10.7.205.153
00908F9A2B34,10.7.211.108,255.255.255.0,10.7.211.1,35392,35392,854149390,10.7.205.153
00908F9A2B05,10.7.211.109,255.255.255.0,10.7.211.1,35393,35393,536754012,10.7.205.153
00908F9A2B14,10.7.211.110,255.255.255.0,10.7.211.1,35394,35394,948960780,10.7.205.153
00908F9A2B18,10.7.211.111,255.255.255.0,10.7.211.1,35395,35395,862948899,10.7.205.153
00908F9A2B10,10.7.211.112,255.255.255.0,10.7.211.1,35396,35396,941628072,10.7.205.153
00908F9A2B01,10.7.211.113,255.255.255.0,10.7.211.1,35397,35397,659173163,10.7.205.153
00908F9A2AE4,10.10.212.105,255.255.255.0,10.10.212.1,35404,35404,579535109,10.7.205.153
00908F9A2ADF,10.10.212.106,255.255.255.0,10.10.212.1,35405,35405,714600178,10.7.205.153
00908F9A2AD1,10.10.212.107,255.255.255.0,10.10.212.1,35406,35406,149957375,10.7.205.153
00908F9A2AD8,10.10.212.108,255.255.255.0,10.10.212.1,35407,35407,977549983,10.7.205.153
00908F9A2AD9,10.10.212.109,255.255.255.0,10.10.212.1,35409,35409,876556346,10.7.205.153
00908F9A2AFE,10.10.214.109,255.255.255.0,10.10.214.1,35414,35414,496272734,10.7.205.153
00908F9A2ADB,10.10.214.110,255.255.255.0,10.10.214.1,35415,35415,484911809,10.7.205.153
00908F9A2B0E,10.10.214.111,255.255.255.0,10.10.214.1,35417,35417,456765955,10.7.205.153
00908F9A2759,10.11.37.105,255.255.255.0,10.11.37.1,35445,35445,134340354,10.7.205.153
00908F9A271E,10.11.37.106,255.255.255.0,10.11.37.1,35446,35446,878241679,10.7.205.153
00908F9A275B,10.11.12.105,255.255.255.0,10.11.12.1,35455,35455,692864597,10.7.205.153
00908F9A271F,10.11.12.106,255.255.255.0,10.11.12.1,35456,35456,799939487,10.7.205.153
00908F9A271D,10.11.36.105,255.255.255.0,10.11.36.1,35467,35467,213878563,10.7.205.153
